dataset_name,dataset_short,algorithm_name,model_file_name,model_path,patch_set,patch_size,feature_set,is_neg4x,stage07_test_rank,stage07_test_f1,stage07_test_precision,stage07_test_recall,stage07_test_specificity,threshold_column,threshold_value,score_threshold,stride_divisor,stride,cluster_iou_threshold,weighted_box_size_factor,image_count,total_window_count,total_candidate_count,total_final_detection_count,mean_candidates_per_image,mean_final_detections_per_image,raw_score_runtime_seconds,evaluation_runtime_seconds,total_runtime_seconds,tp_iou_0_1,fp_iou_0_1,fn_iou_0_1,detection_precision_iou_0_1,detection_recall_iou_0_1,detection_f1_iou_0_1,false_positives_per_image_iou_0_1,false_negatives_per_image_iou_0_1,negative_image_count_iou_0_1,negative_total_fp_iou_0_1,negative_fp_per_negative_image_iou_0_1,negative_accuracy_iou_0_1,mean_matched_iou_iou_0_1,tp_iou_0_2,fp_iou_0_2,fn_iou_0_2,detection_precision_iou_0_2,detection_recall_iou_0_2,detection_f1_iou_0_2,false_positives_per_image_iou_0_2,false_negatives_per_image_iou_0_2,negative_image_count_iou_0_2,negative_total_fp_iou_0_2,negative_fp_per_negative_image_iou_0_2,negative_accuracy_iou_0_2,mean_matched_iou_iou_0_2,tp_iou_0_3,fp_iou_0_3,fn_iou_0_3,detection_precision_iou_0_3,detection_recall_iou_0_3,detection_f1_iou_0_3,false_positives_per_image_iou_0_3,false_negatives_per_image_iou_0_3,negative_image_count_iou_0_3,negative_total_fp_iou_0_3,negative_fp_per_negative_image_iou_0_3,negative_accuracy_iou_0_3,mean_matched_iou_iou_0_3,group_rank,selection_source,selected_for_stage09
dataset1_varroa,dataset1,linear_svm,d1_linsvm_011__centered80_balanced__hog16_pca_hsv_lbp.joblib,outputs/models/selected_classification_model_pool/dataset1_varroa/linear_svm/d1_linsvm_011__centered80_balanced__hog16_pca_hsv_lbp.joblib,centered80_balanced,80,hog16_pca_hsv_lbp,False,3,0.9320197044334976,0.8879849812265331,0.980649619903248,0.8762957843814789,score_threshold,1.5,1.5,4,20,0.2,1.0,70,58870,468,113,6.685714285714286,1.6142857142857143,484.99312353134155,0.19355416297912598,485.1866776943207,68,45,22,0.6017699115044248,0.7555555555555555,0.6699507389162561,0.6428571428571429,0.3142857142857143,20,18,0.9,0.4,0.4725980791201559,68,45,22,0.6017699115044248,0.7555555555555555,0.6699507389162561,0.6428571428571429,0.3142857142857143,20,18,0.9,0.4,0.4746397021145371,65,48,25,0.5752212389380531,0.7222222222222222,0.6403940886699507,0.6857142857142857,0.35714285714285715,20,18,0.9,0.4,0.4839022153262785,1,top_3,True
dataset1_varroa,dataset1,linear_svm,d1_linsvm_004__centered80_balanced__hog16_hsv_lbp.joblib,outputs/models/selected_classification_model_pool/dataset1_varroa/linear_svm/d1_linsvm_004__centered80_balanced__hog16_hsv_lbp.joblib,centered80_balanced,80,hog16_hsv_lbp,False,8,0.9258896506692784,0.8774752475247525,0.9799585348997928,0.8631651693158259,score_threshold,1.5,1.5,4,20,0.2,1.0,70,58870,523,136,7.4714285714285715,1.9428571428571428,86.90534615516663,0.08793973922729492,86.99328589439392,71,65,19,0.5220588235294118,0.7888888888888889,0.6283185840707964,0.9285714285714286,0.2714285714285714,20,24,1.2,0.4,0.45603500063877417,70,66,20,0.5147058823529411,0.7777777777777778,0.6194690265486725,0.9428571428571428,0.2857142857142857,20,24,1.2,0.4,0.4633272102178434,65,71,25,0.47794117647058826,0.7222222222222222,0.5752212389380531,1.0142857142857142,0.35714285714285715,20,24,1.2,0.4,0.47755439153059254,2,top_3,True
dataset1_varroa,dataset1,linear_svm,d1_linsvm_037__centered96_balanced__hog16_pca_hsv_lbp.joblib,outputs/models/selected_classification_model_pool/dataset1_varroa/linear_svm/d1_linsvm_037__centered96_balanced__hog16_pca_hsv_lbp.joblib,centered96_balanced,96,hog16_pca_hsv_lbp,False,16,0.9140447615958482,0.8612469437652812,0.973738769868694,0.8431237042156186,score_threshold,1.5,1.5,4,24,0.2,1.0,70,40320,294,84,4.2,1.2,83.67242383956909,0.2022850513458252,83.87470889091492,54,30,36,0.6428571428571429,0.6,0.6206896551724138,0.42857142857142855,0.5142857142857142,20,13,0.65,0.45,0.42513050021149323,52,32,38,0.6190476190476191,0.5777777777777777,0.5977011494252874,0.45714285714285713,0.5428571428571428,20,13,0.65,0.45,0.43511488769897677,48,36,42,0.5714285714285714,0.5333333333333333,0.5517241379310345,0.5142857142857142,0.6,20,13,0.65,0.45,0.4501497369618168,3,top_3,True
dataset1_varroa,dataset1,linear_svm,d1_linsvm_024__centered80_neg4x__hog16_pca_hsv_lbp.joblib,outputs/models/selected_classification_model_pool/dataset1_varroa/linear_svm/d1_linsvm_024__centered80_neg4x__hog16_pca_hsv_lbp.joblib,centered80_neg4x,80,hog16_pca_hsv_lbp,True,25,0.8530223995090519,0.7671081677704195,0.9606081548030408,0.9270905321354528,score_threshold,1.5,1.5,4,20,0.2,1.0,70,58870,162,47,2.3142857142857145,0.6714285714285714,87.49107074737549,0.0758664608001709,87.56693720817566,38,9,52,0.8085106382978723,0.4222222222222222,0.5547445255474452,0.12857142857142856,0.7428571428571429,20,4,0.2,0.8,0.4872373552039335,37,10,53,0.7872340425531915,0.4111111111111111,0.5401459854014599,0.14285714285714285,0.7571428571428571,20,4,0.2,0.8,0.4956259217888049,37,10,53,0.7872340425531915,0.4111111111111111,0.5401459854014599,0.14285714285714285,0.7571428571428571,20,4,0.2,0.8,0.4956259217888049,4,best_neg4x_added,True
dataset1_varroa,dataset1,random_forest,d1_rf_006__centered80_neg4x__hog16_hsv_lbp.joblib,outputs/models/selected_classification_model_pool/dataset1_varroa/random_forest/d1_rf_006__centered80_neg4x__hog16_hsv_lbp.joblib,centered80_neg4x,80,hog16_hsv_lbp,True,24,0.853948791922106,0.8929110105580694,0.8182446440912232,0.9754664823773324,predict_proba_score_threshold,0.6,0.6,4,20,0.2,1.0,70,58870,467,130,6.671428571428572,1.8571428571428572,91.70750045776367,0.08631396293640137,91.79381442070007,63,67,27,0.4846153846153846,0.7,0.5727272727272728,0.9571428571428572,0.38571428571428573,20,23,1.15,0.45,0.453396507942852,63,67,27,0.4846153846153846,0.7,0.5727272727272728,0.9571428571428572,0.38571428571428573,20,23,1.15,0.45,0.45454392721594455,58,72,32,0.4461538461538462,0.6444444444444445,0.5272727272727272,1.0285714285714285,0.45714285714285713,20,23,1.15,0.45,0.4819771969033732,1,top_3,True
dataset1_varroa,dataset1,random_forest,d1_rf_007__centered80_neg4x__hog16_pca_hsv_lbp.joblib,outputs/models/selected_classification_model_pool/dataset1_varroa/random_forest/d1_rf_007__centered80_neg4x__hog16_pca_hsv_lbp.joblib,centered80_neg4x,80,hog16_pca_hsv_lbp,True,27,0.848652384243262,0.848652384243262,0.848652384243262,0.9621630960608156,predict_proba_score_threshold,0.6,0.6,4,20,0.2,1.0,70,58870,1045,188,14.928571428571429,2.6857142857142855,90.72699809074402,0.10024094581604004,90.82723903656006,77,111,13,0.4095744680851064,0.8555555555555555,0.5539568345323741,1.5857142857142856,0.18571428571428572,20,33,1.65,0.35,0.4367753636904319,77,111,13,0.4095744680851064,0.8555555555555555,0.5539568345323741,1.5857142857142856,0.18571428571428572,20,33,1.65,0.35,0.44603825308487244,68,120,22,0.3617021276595745,0.7555555555555555,0.4892086330935252,1.7142857142857142,0.3142857142857143,20,33,1.65,0.35,0.47844704683172035,2,top_3,True
dataset1_varroa,dataset1,random_forest,d1_rf_009__centered80_balanced__hsv_lbp_only.joblib,outputs/models/selected_classification_model_pool/dataset1_varroa/random_forest/d1_rf_009__centered80_balanced__hsv_lbp_only.joblib,centered80_balanced,80,hsv_lbp_only,False,11,0.920911528150134,0.8939492517891997,0.949550794747754,0.8873531444367657,predict_proba_score_threshold,0.6,0.6,4,20,0.2,1.0,70,58870,3141,475,44.871428571428574,6.785714285714286,48.531949520111084,0.17052054405212402,48.70247006416321,87,388,3,0.1831578947368421,0.9666666666666667,0.30796460176991153,5.542857142857143,0.04285714285714286,20,104,5.2,0.05,0.42407026259873476,87,388,3,0.1831578947368421,0.9666666666666667,0.30796460176991153,5.542857142857143,0.04285714285714286,20,104,5.2,0.05,0.4459839390743243,81,394,9,0.1705263157894737,0.9,0.2867256637168142,5.628571428571429,0.12857142857142856,20,104,5.2,0.05,0.4750973997515202,3,top_3,True
dataset1_varroa,dataset1,rbf_svm,d1_rbfsvm_007__centered80_neg4x__hog16_pca_hsv_lbp.joblib,outputs/models/selected_classification_model_pool/dataset1_varroa/rbf_svm/d1_rbfsvm_007__centered80_neg4x__hog16_pca_hsv_lbp.joblib,centered80_neg4x,80,hog16_pca_hsv_lbp,True,23,0.86926461345066,0.7971181556195965,0.9557705597788528,0.9391845196959226,decision_function_score_threshold,0.75,0.75,4,20,0.2,1.0,70,58870,578,139,8.257142857142858,1.9857142857142858,107.93151450157166,0.08579516410827637,108.01730966567993,73,66,17,0.5251798561151079,0.8111111111111111,0.6375545851528385,0.9428571428571428,0.24285714285714285,20,23,1.15,0.35,0.4686862325574281,73,66,17,0.5251798561151079,0.8111111111111111,0.6375545851528385,0.9428571428571428,0.24285714285714285,20,23,1.15,0.35,0.4700999770856449,68,71,22,0.4892086330935252,0.7555555555555555,0.5938864628820961,1.0142857142857142,0.3142857142857143,20,23,1.15,0.35,0.48460220116940755,1,top_3,True
dataset1_varroa,dataset1,rbf_svm,d1_rbfsvm_006__centered80_neg4x__hog16_hsv_lbp.joblib,outputs/models/selected_classification_model_pool/dataset1_varroa/rbf_svm/d1_rbfsvm_006__centered80_neg4x__hog16_hsv_lbp.joblib,centered80_neg4x,80,hog16_hsv_lbp,True,22,0.8812359188928227,0.8246987951807229,0.9460953697304768,0.9497235659986178,decision_function_score_threshold,0.75,0.75,4,20,0.2,1.0,70,58870,428,128,6.114285714285714,1.8285714285714285,157.649005651474,0.08811259269714355,157.73711824417114,67,61,23,0.5234375,0.7444444444444445,0.6146788990825688,0.8714285714285714,0.32857142857142857,20,19,0.95,0.35,0.47279307439772705,67,61,23,0.5234375,0.7444444444444445,0.6146788990825688,0.8714285714285714,0.32857142857142857,20,19,0.95,0.35,0.4747143917864395,63,65,27,0.4921875,0.7,0.5779816513761468,0.9285714285714286,0.38571428571428573,20,19,0.95,0.35,0.4889410750862974,2,top_3,True
dataset1_varroa,dataset1,rbf_svm,d1_rbfsvm_005__centered80_balanced__hog8_pca_hsv_lbp.joblib,outputs/models/selected_classification_model_pool/dataset1_varroa/rbf_svm/d1_rbfsvm_005__centered80_balanced__hog8_pca_hsv_lbp.joblib,centered80_balanced,80,hog8_pca_hsv_lbp,False,4,0.9286649214659686,0.8819142324425109,0.980649619903248,0.8686938493434693,decision_function_score_threshold,0.75,0.75,4,20,0.2,1.0,70,58870,658,196,9.4,2.8,529.419261932373,0.3458065986633301,529.7650685310364,77,119,13,0.39285714285714285,0.8555555555555555,0.5384615384615384,1.7,0.18571428571428572,20,35,1.75,0.25,0.47143291632939754,76,120,14,0.3877551020408163,0.8444444444444444,0.5314685314685315,1.7142857142857142,0.2,20,35,1.75,0.25,0.48094091895333907,73,123,17,0.37244897959183676,0.8111111111111111,0.5104895104895105,1.7571428571428571,0.24285714285714285,20,35,1.75,0.25,0.49394569430892105,3,top_3,True
dataset2_honeybee,dataset2,linear_svm,d2_linsvm_011__centered48_balanced__hog16_pca_hsv_lbp.joblib,outputs/models/selected_classification_model_pool/dataset2_honeybee/linear_svm/d2_linsvm_011__centered48_balanced__hog16_pca_hsv_lbp.joblib,centered48_balanced,48,hog16_pca_hsv_lbp,False,12,0.8906955736224029,0.9214953271028036,0.8618881118881119,0.9265734265734266,score_threshold,1.0,1.0,6,8,0.2,1.0,61,11895,564,55,9.245901639344263,0.9016393442622951,7.802765607833862,0.051270246505737305,7.8540358543396,36,19,27,0.6545454545454545,0.5714285714285714,0.6101694915254238,0.3114754098360656,0.4426229508196721,20,2,0.1,0.95,0.36815471464802046,33,22,30,0.6,0.5238095238095238,0.559322033898305,0.36065573770491804,0.4918032786885246,20,2,0.1,0.95,0.3872926230293716,27,28,36,0.4909090909090909,0.42857142857142855,0.4576271186440678,0.45901639344262296,0.5901639344262295,20,2,0.1,0.95,0.4163415815676825,1,top_3,True
dataset2_honeybee,dataset2,linear_svm,d2_linsvm_004__centered48_balanced__hog16_hsv_lbp.joblib,outputs/models/selected_classification_model_pool/dataset2_honeybee/linear_svm/d2_linsvm_004__centered48_balanced__hog16_hsv_lbp.joblib,centered48_balanced,48,hog16_hsv_lbp,False,15,0.8884859474161378,0.9227871939736346,0.8566433566433567,0.9283216783216784,score_threshold,1.0,1.0,6,8,0.2,1.0,61,11895,570,55,9.344262295081966,0.9016393442622951,7.818927526473999,0.051981210708618164,7.870908737182617,37,18,26,0.6727272727272727,0.5873015873015873,0.6271186440677966,0.29508196721311475,0.4262295081967213,20,2,0.1,0.95,0.3615875462675044,32,23,31,0.5818181818181818,0.5079365079365079,0.5423728813559322,0.3770491803278688,0.5081967213114754,20,2,0.1,0.95,0.39327191415070195,26,29,37,0.4727272727272727,0.4126984126984127,0.4406779661016949,0.47540983606557374,0.6065573770491803,20,2,0.1,0.95,0.4226410606069064,2,top_3,True
dataset2_honeybee,dataset2,linear_svm,d2_linsvm_008__centered48_balanced__hog8_pca_hsv_lbp.joblib,outputs/models/selected_classification_model_pool/dataset2_honeybee/linear_svm/d2_linsvm_008__centered48_balanced__hog8_pca_hsv_lbp.joblib,centered48_balanced,48,hog8_pca_hsv_lbp,False,17,0.8826714801444043,0.9123134328358208,0.8548951048951049,0.9178321678321678,score_threshold,1.0,1.0,6,8,0.2,1.0,61,11895,578,69,9.475409836065573,1.1311475409836065,10.821650266647339,0.05574154853820801,10.877391815185547,43,26,20,0.6231884057971014,0.6825396825396826,0.6515151515151515,0.4262295081967213,0.32786885245901637,20,2,0.1,0.95,0.34957073147745127,37,32,26,0.5362318840579711,0.5873015873015873,0.5606060606060606,0.5245901639344263,0.4262295081967213,20,2,0.1,0.95,0.37914589133481125,27,42,36,0.391304347826087,0.42857142857142855,0.4090909090909091,0.6885245901639344,0.5901639344262295,20,2,0.1,0.95,0.42606918120957477,3,top_3,True
dataset2_honeybee,dataset2,linear_svm,d2_linsvm_024__centered48_neg4x__hog16_pca_hsv_lbp.joblib,outputs/models/selected_classification_model_pool/dataset2_honeybee/linear_svm/d2_linsvm_024__centered48_neg4x__hog16_pca_hsv_lbp.joblib,centered48_neg4x,48,hog16_pca_hsv_lbp,True,26,0.7322515212981744,0.8719806763285024,0.6311188811188811,0.9768356643356644,score_threshold,1.0,1.0,6,8,0.2,1.0,61,11895,146,22,2.3934426229508197,0.36065573770491804,7.915020227432251,0.03402829170227051,7.9490485191345215,18,4,45,0.8181818181818182,0.2857142857142857,0.4235294117647059,0.06557377049180328,0.7377049180327869,20,1,0.05,0.95,0.38886553841801064,17,5,46,0.7727272727272727,0.2698412698412698,0.4,0.08196721311475409,0.7540983606557377,20,1,0.05,0.95,0.40337485316293387,16,6,47,0.7272727272727273,0.25396825396825395,0.3764705882352941,0.09836065573770492,0.7704918032786885,20,1,0.05,0.95,0.4154564412078394,5,best_neg4x_added,True
dataset2_honeybee,dataset2,random_forest,d2_rf_007__centered48_neg4x__hog16_pca_hsv_lbp.joblib,outputs/models/selected_classification_model_pool/dataset2_honeybee/random_forest/d2_rf_007__centered48_neg4x__hog16_pca_hsv_lbp.joblib,centered48_neg4x,48,hog16_pca_hsv_lbp,True,24,0.7487283825025433,0.8953771289537713,0.6433566433566433,0.9812062937062938,predict_proba_score_threshold,0.6,0.6,4,12,0.3,1.0,61,6039,383,87,6.278688524590164,1.4262295081967213,5.0686352252960205,0.05146956443786621,5.120104789733887,54,33,9,0.6206896551724138,0.8571428571428571,0.72,0.5409836065573771,0.14754098360655737,20,2,0.1,0.9,0.34528177880204464,46,41,17,0.5287356321839081,0.7301587301587301,0.6133333333333333,0.6721311475409836,0.2786885245901639,20,2,0.1,0.9,0.37968372792338717,39,48,24,0.4482758620689655,0.6190476190476191,0.52,0.7868852459016393,0.39344262295081966,20,2,0.1,0.9,0.4044313934312751,1,top_3,True
dataset2_honeybee,dataset2,random_forest,d2_rf_006__centered48_neg4x__hog16_hsv_lbp.joblib,outputs/models/selected_classification_model_pool/dataset2_honeybee/random_forest/d2_rf_006__centered48_neg4x__hog16_hsv_lbp.joblib,centered48_neg4x,48,hog16_hsv_lbp,True,27,0.7157894736842105,0.8994708994708994,0.5944055944055944,0.9833916083916084,predict_proba_score_threshold,0.6,0.6,4,12,0.3,1.0,61,6039,336,82,5.508196721311475,1.3442622950819672,5.666703701019287,0.04921460151672363,5.715918302536011,49,33,14,0.5975609756097561,0.7777777777777778,0.6758620689655173,0.5409836065573771,0.22950819672131148,20,2,0.1,0.9,0.3372404134161492,42,40,21,0.5121951219512195,0.6666666666666666,0.5793103448275863,0.6557377049180327,0.3442622950819672,20,2,0.1,0.9,0.3650135439525264,33,49,30,0.4024390243902439,0.5238095238095238,0.45517241379310347,0.8032786885245902,0.4918032786885246,20,2,0.1,0.9,0.3998366167801723,2,top_3,True
dataset2_honeybee,dataset2,random_forest,d2_rf_003__centered48_balanced__hog16_pca_hsv_lbp.joblib,outputs/models/selected_classification_model_pool/dataset2_honeybee/random_forest/d2_rf_003__centered48_balanced__hog16_pca_hsv_lbp.joblib,centered48_balanced,48,hog16_pca_hsv_lbp,False,7,0.9011786038077968,0.935969868173258,0.8688811188811189,0.9405594405594404,predict_proba_score_threshold,0.6,0.6,4,12,0.3,1.0,61,6039,788,160,12.918032786885245,2.622950819672131,5.408695459365845,0.06353998184204102,5.472235441207886,57,103,6,0.35625,0.9047619047619048,0.5112107623318386,1.6885245901639345,0.09836065573770492,20,14,0.7,0.6,0.3194037082249254,48,112,15,0.3,0.7619047619047619,0.4304932735426009,1.8360655737704918,0.2459016393442623,20,14,0.7,0.6,0.36071706532549236,34,126,29,0.2125,0.5396825396825397,0.30493273542600896,2.0655737704918034,0.47540983606557374,20,14,0.7,0.6,0.40980579668791906,3,top_3,True
dataset2_honeybee,dataset2,rbf_svm,d2_rbfsvm_007__centered48_neg4x__hog16_pca_hsv_lbp.joblib,outputs/models/selected_classification_model_pool/dataset2_honeybee/rbf_svm/d2_rbfsvm_007__centered48_neg4x__hog16_pca_hsv_lbp.joblib,centered48_neg4x,48,hog16_pca_hsv_lbp,True,23,0.8193236714975846,0.9157667386609072,0.7412587412587412,0.9829545454545454,decision_function_score_threshold,0.75,0.75,4,12,0.2,1.0,61,6039,307,59,5.032786885245901,0.9672131147540983,8.331560611724854,0.04300665855407715,8.37456727027893,42,17,21,0.711864406779661,0.6666666666666666,0.6885245901639344,0.2786885245901639,0.3442622950819672,20,2,0.1,0.9,0.3388960603473521,36,23,27,0.6101694915254238,0.5714285714285714,0.5901639344262295,0.3770491803278688,0.4426229508196721,20,2,0.1,0.9,0.37789453087943836,29,30,34,0.4915254237288136,0.4603174603174603,0.47540983606557374,0.4918032786885246,0.5573770491803278,20,2,0.1,0.9,0.4061558377735921,1,top_3,True
dataset2_honeybee,dataset2,rbf_svm,d2_rbfsvm_006__centered48_neg4x__hog16_hsv_lbp.joblib,outputs/models/selected_classification_model_pool/dataset2_honeybee/rbf_svm/d2_rbfsvm_006__centered48_neg4x__hog16_hsv_lbp.joblib,centered48_neg4x,48,hog16_hsv_lbp,True,22,0.8261682242990654,0.8875502008032129,0.7727272727272727,0.9755244755244756,decision_function_score_threshold,0.75,0.75,4,12,0.2,1.0,61,6039,238,61,3.901639344262295,1.0,16.934783935546875,0.03498673439025879,16.969770669937134,43,18,20,0.7049180327868853,0.6825396825396826,0.6935483870967742,0.29508196721311475,0.32786885245901637,20,1,0.05,0.95,0.3377210752217348,35,26,28,0.5737704918032787,0.5555555555555556,0.5645161290322581,0.4262295081967213,0.45901639344262296,20,1,0.05,0.95,0.3782807029588215,27,34,36,0.4426229508196721,0.42857142857142855,0.43548387096774194,0.5573770491803278,0.5901639344262295,20,1,0.05,0.95,0.4135080393152858,2,top_3,True
dataset2_honeybee,dataset2,rbf_svm,d2_rbfsvm_003__centered48_balanced__hog16_pca_hsv_lbp.joblib,outputs/models/selected_classification_model_pool/dataset2_honeybee/rbf_svm/d2_rbfsvm_003__centered48_balanced__hog16_pca_hsv_lbp.joblib,centered48_balanced,48,hog16_pca_hsv_lbp,False,3,0.9086021505376344,0.9319852941176472,0.8863636363636364,0.9353146853146852,decision_function_score_threshold,0.75,0.75,4,12,0.2,1.0,61,6039,574,94,9.40983606557377,1.540983606557377,6.159128904342651,0.05251598358154297,6.211644887924194,51,43,12,0.5425531914893617,0.8095238095238095,0.6496815286624203,0.7049180327868853,0.19672131147540983,20,8,0.4,0.75,0.3389132123199566,43,51,20,0.4574468085106383,0.6825396825396826,0.5477707006369427,0.8360655737704918,0.32786885245901637,20,8,0.4,0.75,0.38134311769138735,33,61,30,0.35106382978723405,0.5238095238095238,0.42038216560509556,1.0,0.4918032786885246,20,8,0.4,0.75,0.41567907326666537,3,top_3,True
